Castellano,Aurebesh
a,aurek
b,besh
c,cresh
d,dorn
e,esk
f,forn
g,grek
h,herf
i,isk
j,jenth
k,krill
l,leth
m,merm
n,nern
o,osk
p,peth
q,qek
r,resh
s,senth
t,trill
u,usk
v,vev
w,wesk
x,xesh
y,yirt
z,zerek
fe,fornesk
me,mermesk
sol,senthoskleth
mar,mermaurekresh
ti,trillisk
fez,forneskzerek
paz,pethaurekzerek
pie,pethiskesk
voz,vevoskzerek
ley,letheskyirt
flor,fornlethoskresh
dios,dorniskosksenth
pan,pethaureknern
sal,senthaurekleth
rey,resheskyirt
rio,reshiskosk
luz,lethuskzerek
fiel,forniskeskleth
miel,mermiskeskleth
tren,trillreshesknern
ola,osklethaurek
oro,oskreshosk
ojo,oskjenthosk
cielo,creshiskesklethosk
hielo,herfiskesklethosk
vino,vevisknernosk
lago,lethaurekgrekosk
ruta,reshusktrillaurek
cama,creshaurekmermaurek
bar,beshaurekresh
luna,lethusknernaurek
gato,grekaurektrillosk
huevo,herfuskeskvevosk
fuego,fornuskeskgrekosk
juez,jenthuskeskzerek
casa,creshaureksenthaurek
taza,trillaurekzerekaurek
paz,pethaurekzerek
caja,creshaurekjenthaurek
barco,beshaurekreshcreshosk
perro,petheskreshreshosk
agua,aurekgrekuskaurek
llave,lethlethaurekvevesk
zapato,zerekaurekpethaurektrillosk
foto,fornosktrillosk
mapa,mermaurekpethaurek
hilo,herfisklethosk
techo,trilleskcreshherfosk
mesa,mermesksenthaurek
cine,creshisknernesk
tigre,trilliskgrekreshesk
nino,nernisknernosk
mano,mermaureknernosk
algo,aureklethgrekosk
mesa,mermesksenthaurek
mal,mermaurekleth
feo,forneskosk
lobo,lethoskbeshosk
tos,trillosksenth
cola,creshosklethaurek
piso,pethisksenthosk
nube,nernuskbeshesk
paja,pethaurekjenthaurek
cero,cresheskreshosk
alma,aureklethmermaurek
bote,beshosktrillesk
bondad,beshosknerndornaurekdorn
buda,beshuskdornaurek
caro,creshaurekreshosk
cana,creshaureknernaurek
coco,creshoskcreshosk
cura,creshuskreshaurek
dar,dornaurekresh
darlo,dornaurekreshlethosk
deuda,dorneskuskdornaurek
doce,dornoskcreshesk
duelo,dornuskesklethosk
duro,dornuskreshosk
eco,eskcreshosk
ego,eskgrekosk
emocion,eskmermoskcreshiskosknern
enero,esknerneskreshosk
entrada,esknerntrillreshaurekdornaurek
error,eskreshreshoskresh
este,esksenthtrillesk
euro,eskuskreshosk
exceso,eskxeshcreshesksenthosk
extra,eskxeshtrillreshaurek
falta,fornaureklethtrillaurek
fama,fornaurekmermaurek
faro,fornaurekreshosk
fase,fornaureksenthesk
fino,fornisknernosk
fue,fornuskesk
gema,grekeskmermaurek
genero,grekesknerneskreshosk
genio,grekesknerniskosk
gitano,grekisktrillaureknernosk
goma,grekoskmermaurek
gorro,grekoskreshreshosk
gusto,grekusksenthtrillosk
hacha,herfaurekcreshherfaurek
halcon,herfaureklethcreshosknern
helado,herfesklethaurekdornosk
heroico,herfeskreshoskiskcreshosk
hoy,herfoskyirt
humano,herfuskmermaureknernosk
humo,herfuskmermosk
huevo,herfuskeskvevosk
iba,iskbeshaurek
iglesia,iskgreklethesksenthiskaurek
iman,iskmermaureknern
indice,isknerndorniskcreshesk
infierno,isknernforniskeskreshnernosk
inutil,isknernusktrilliskleth
iran,iskreshaureknern
jardin,jenthaurekreshdornisknern
jamon,jenthaurekmermosknern
jazmin,jenthaurekzerekmermisknern
joven,jenthoskvevesknern
juego,jenthuskeskgrekosk
kilo,krillisklethosk
koala,krilloskaureklethaurek
lazo,lethaurekzerekosk
leal,letheskaurekleth
legal,letheskgrekaurekleth
leon,letheskosknern
letra,lethesktrillreshaurek
libro,lethiskbeshreshosk
lima,lethiskmermaurek
lindo,lethisknerndornosk
lista,lethisksenthtrillaurek
loco,lethoskcreshosk
loro,lethoskreshosk
lujo,lethuskjenthosk
lunar,lethusknernaurekresh
luto,lethusktrillosk
madre,mermaurekdornreshesk
magia,mermaurekgrekiskaurek
mapa,mermaurekpethaurek
marco,mermaurekreshcreshosk
media,mermeskdorniskaurek
medio,mermeskdorniskosk
mesa,mermesksenthaurek
metro,mermesktrillreshosk
miercoles,mermiskeskreshcreshosklethesksenth
mil,mermiskleth
milagro,mermisklethaurekgrekreshosk
minuto,mermisknernusktrillosk
mitad,mermisktrillaurekdorn
modo,mermoskdornosk
moho,mermoskherfosk
mono,mermosknernosk
moro,mermoskreshosk
moto,mermosktrillosk
mucho,mermuskcreshherfosk
mudar,mermuskdornaurekresh
mujer,mermuskjentheskresh
mundo,mermusknerndornosk
musica,mermusksenthiskcreshaurek
nariz,nernaurekreshiskzerek
neon,nerneskosknern
nieve,nerniskeskvevesk
noche,nernoskcreshherfesk
norte,nernoskreshtrillesk
nota,nernosktrillaurek
nuevo,nernuskeskvevosk
nudo,nernuskdornosk
numero,nernuskmermeskreshosk
obra,oskbeshreshaurek
oeste,oskesksenthtrillesk
once,osknerncreshesk
oro,oskreshosk
oscuridad,osksenthcreshuskreshiskdornaurekdorn
osito,osksenthisktrillosk
otro,osktrillreshosk
ovalo,oskvevaureklethosk
pago,pethaurekgrekosk
palo,pethaureklethosk
papel,pethaurekpetheskleth
para,pethaurekreshaurek
pared,pethaurekresheskdorn
paso,pethaureksenthosk
pasto,pethaureksenthtrillosk
paz,pethaurekzerek
quien,qekuskiskesknern
quitar,qekuskisktrillaurekresh
quimica,qekuskiskmermiskcreshaurek
queso,qekuskesksenthosk
quieto,qekuskiskesktrillosk
quedar,qekuskeskdornaurekresh
quince,qekuskisknerncreshesk
quejar,qekuskeskjenthaurekresh
quebrar,qekuskeskbeshreshaurekresh
querer,qekuskeskresheskresh
quiza,qekuskiskzerekaurek
rabia,reshaurekbeshiskaurek
rabo,reshaurekbeshosk
raro,reshaurekreshosk
rayo,reshaurekyirtosk
razon,reshaurekzerekosknern
rato,reshaurektrillosk
real,resheskaurekleth
rebelde,resheskbeshesklethdornesk
rechazo,resheskcreshherfaurekzerekosk
reconocer,resheskcreshosknernoskcresheskresh
recordar,resheskcreshoskreshdornaurekresh
recuerdo,resheskcreshuskeskreshdornosk
recurso,resheskcreshuskreshsenthosk
redondo,resheskdornosknerndornosk
reflejo,resheskfornletheskjenthosk
regalo,resheskgrekaureklethosk
regresar,resheskgrekreshesksenthaurekresh
relampago,reshesklethaurekmermpethaurekgrekosk
religion,reshesklethiskgrekiskosknern
remedio,resheskmermeskdorniskosk
remolque,resheskmermosklethqekuskesk
renovar,reshesknernoskvevaurekresh
renta,reshesknerntrillaurek
reparar,resheskpethaurekreshaurekresh
repetir,resheskpethesktrilliskresh
rescatar,reshesksenthcreshaurektrillaurekresh
residuo,reshesksenthiskdornuskosk
resolver,reshesksenthosklethveveskresh
respeto,reshesksenthpethesktrillosk
resultado,reshesksenthusklethtrillaurekdornosk
retirar,reshesktrilliskreshaurekresh
retorno,reshesktrilloskreshnernosk
reunion,resheskusknerniskosknern
reves,resheskvevesksenth
reyes,resheskyirtesksenth
rico,reshiskcreshosk
rienda,reshiskesknerndornaurek
riesgo,reshiskesksenthgrekosk
rigidez,reshiskgrekiskdorneskzerek
rincon,reshisknerncreshosknern
riqueza,reshiskqekuskeskzerekaurek
risa,reshisksenthaurek
ritmo,reshisktrillmermosk
robusto,reshoskbeshusksenthtrillosk
roca,reshoskcreshaurek
rodar,reshoskdornaurekresh
rodear,reshoskdorneskaurekresh
rojo,reshoskjenthosk
roto,reshosktrillosk
ruido,reshuskiskdornosk
ruina,reshuskisknernaurek
ruleta,reshusklethesktrillaurek
rumbo,reshuskmermbeshosk
ruptura,reshuskpethtrilluskreshaurek
saber,senthaurekbesheskresh
sabor,senthaurekbeshoskresh
sacar,senthaurekcreshaurekresh
sacrificio,senthaurekcreshreshiskforniskcreshiskosk
sagrado,senthaurekgrekreshaurekdornosk
salado,senthaureklethaurekdornosk
saldo,senthaureklethdornosk
salir,senthaureklethiskresh
saltar,senthaureklethtrillaurekresh
salud,senthaureklethuskdorn
sangre,senthaureknerngrekreshesk
sanidad,senthaureknerniskdornaurekdorn
sano,senthaureknernosk
satisfaccion,senthaurektrillisksenthfornaurekcreshcreshiskosknern
saxofon,senthaurekxeshoskfornosknern
secreto,sentheskcreshreshesktrillosk
seguir,sentheskgrekuskiskresh
semana,sentheskmermaureknernaurek
semilla,sentheskmermisklethlethaurek
senda,senthesknerndornaurek
sendero,senthesknerndorneskreshosk
separar,sentheskpethaurekreshaurekresh
sepia,sentheskpethiskaurek
sereno,sentheskreshesknernosk
serie,sentheskreshiskesk
serpiente,sentheskreshpethiskesknerntrillesk
servir,sentheskreshveviskresh
setenta,senthesktrillesknerntrillaurek
severo,sentheskveveskreshosk
sexo,sentheskxeshosk
siempre,senthiskeskmermpethreshesk
siete,senthiskesktrillesk
siglo,senthiskgreklethosk
signo,senthiskgreknernosk
silencio,senthisklethesknerncreshiskosk
silla,senthisklethlethaurek
sillon,senthisklethlethosknern
simbolo,senthiskmermbeshosklethosk
simple,senthiskmermpethlethesk
sinonimo,senthisknernosknerniskmermosk
sistema,senthisksenthtrilleskmermaurek
sitio,senthisktrilliskosk
sobre,senthoskbeshreshesk
socio,senthoskcreshiskosk
sofa,senthoskfornaurek
solucion,senthosklethuskcreshiskosknern
sombra,senthoskmermbeshreshaurek
sonido,senthosknerniskdornosk
sopa,senthoskpethaurek
sorpresa,senthoskreshpethreshesksenthaurek
sostener,senthosksenthtrillesknerneskresh
soy,senthoskyirt
suave,senthuskaurekvevesk
subir,senthuskbeshiskresh
sudor,senthuskdornoskresh
sueco,senthuskeskcreshosk
suelo,senthuskesklethosk
sujeto,senthuskjenthesktrillosk
suma,senthuskmermaurek
superar,senthuskpetheskreshaurekresh
suponer,senthuskpethosknerneskresh
surco,senthuskreshcreshosk
susto,senthusksenthtrillosk
tabaco,trillaurekbeshaurekcreshosk
tabla,trillaurekbeshlethaurek
tactica,trillaurekcreshtrilliskcreshaurek
talento,trillaureklethesknerntrillosk
tamano,trillaurekmermaureknernosk
tampoco,trillaurekmermpethoskcreshosk
tanque,trillaureknernqekuskesk
tarde,trillaurekreshdornesk
tarea,trillaurekresheskaurek
tarifa,trillaurekreshiskfornaurek
taza,trillaurekzerekaurek
tejido,trilleskjenthiskdornosk
tele,trillesklethesk
telefono,trilleskletheskfornosknernosk
tema,trilleskmermaurek
temor,trilleskmermoskresh
templo,trilleskmermpethlethosk
tener,trillesknerneskresh
tentar,trillesknerntrillaurekresh
teoria,trilleskoskreshiskaurek
terapia,trilleskreshaurekpethiskaurek
tercero,trilleskreshcresheskreshosk
termometro,trilleskreshmermoskmermesktrillreshosk
terror,trilleskreshreshoskresh
tesis,trillesksenthisksenth
testigo,trillesksenthtrilliskgrekosk
texto,trilleskxeshtrillosk
tiempo,trilliskeskmermpethosk
tierra,trilliskeskreshreshaurek
tigre,trilliskgrekreshesk
tijera,trilliskjentheskreshaurek
tipico,trilliskpethiskcreshosk
tipo,trilliskpethosk
tirar,trilliskreshaurekresh
titulo,trillisktrillusklethosk
tocar,trilloskcreshaurekresh
todavia,trilloskdornaurekveviskaurek
todo,trilloskdornosk
toma,trilloskmermaurek
tomate,trilloskmermaurektrillesk
tono,trillosknernosk
topo,trilloskpethosk
tormenta,trilloskreshmermesknerntrillaurek
torno,trilloskreshnernosk
torre,trilloskreshreshesk
tortuga,trilloskreshtrilluskgrekaurek
tosco,trillosksenthcreshosk
total,trillosktrillaurekleth
trabajo,trillreshaurekbeshaurekjenthosk
tragar,trillreshaurekgrekaurekresh
tramite,trillreshaurekmermisktrillesk
trampa,trillreshaurekmermpethaurek
trance,trillreshaureknerncreshesk
tranquilo,trillreshaureknernqekuskisklethosk
transferir,trillreshaureknernsenthforneskreshiskresh
trasero,trillreshaureksentheskreshosk
trasladar,trillreshaureksenthlethaurekdornaurekresh
trato,trillreshaurektrillosk
trauma,trillreshaurekuskmermaurek
trazar,trillreshaurekzerekaurekresh
trece,trillresheskcreshesk
tregua,trillresheskgrekuskaurek
treinta,trillresheskisknerntrillaurek
trenza,trillreshesknernzerekaurek
tres,trillreshesksenth
tribu,trillreshiskbeshusk
trigo,trillreshiskgrekosk
tripa,trillreshiskpethaurek
tristeza,trillreshisksenthtrilleskzerekaurek
triunfo,trillreshiskusknernfornosk
trofeo,trillreshoskforneskosk
trompeta,trillreshoskmermpethesktrillaurek
tropa,trillreshoskpethaurek
trotar,trillreshosktrillaurekresh
trueno,trillreshuskesknernosk
trufa,trillreshuskfornaurek
tuerto,trilluskeskreshtrillosk
tumba,trilluskmermbeshaurek
tumor,trilluskmermoskresh
tunel,trillusknerneskleth
turismo,trilluskreshisksenthmermosk
turno,trilluskreshnernosk
ubicar,uskbeshiskcreshaurekresh
unidad,usknerniskdornaurekdorn
unir,usknerniskresh
uno,usknernosk
untar,usknerntrillaurekresh
urgente,uskreshgrekesknerntrillesk
usar,usksenthaurekresh
usuario,usksenthuskaurekreshiskosk
usual,usksenthuskaurekleth
vacio,vevaurekcreshiskosk
vago,vevaurekgrekosk
vaina,vevaurekisknernaurek
valentia,vevaureklethesknerntrilliskaurek
valle,vevaureklethlethesk
valor,vevaureklethoskresh
vapor,vevaurekpethoskresh
vara,vevaurekreshaurek
variar,vevaurekreshiskaurekresh
vaso,vevaureksenthosk
vecino,veveskcreshisknernosk
vector,veveskcreshtrilloskresh
vehiculo,veveskherfiskcreshusklethosk
veinte,veveskisknerntrillesk
vejez,veveskjentheskzerek
vela,vevesklethaurek
velero,veveskletheskreshosk
velocidad,vevesklethoskcreshiskdornaurekdorn
vena,vevesknernaurek
vencer,vevesknerncresheskresh
venda,vevesknerndornaurek
vender,vevesknerndorneskresh
veneno,vevesknernesknernosk
venganza,vevesknerngrekaureknernzerekaurek
venir,vevesknerniskresh
venta,vevesknerntrillaurek
ventaja,vevesknerntrillaurekjenthaurek
verano,veveskreshaureknernosk
verdad,veveskreshdornaurekdorn
verde,veveskreshdornesk
vereda,veveskresheskdornaurek
verja,veveskreshjenthaurek
verso,veveskreshsenthosk
verter,veveskreshtrilleskresh
vestido,vevesksenthtrilliskdornosk
veterano,vevesktrilleskreshaureknernosk
vez,veveskzerek
viaje,veviskaurekjenthesk
vibracion,veviskbeshreshaurekcreshiskosknern
victima,veviskcreshtrilliskmermaurek
vida,veviskdornaurek
viejo,veviskeskjenthosk
viernes,veviskeskreshnernesksenth
vigor,veviskgrekoskresh
vil,veviskleth
villa,vevisklethlethaurek
vinagre,vevisknernaurekgrekreshesk
vino,vevisknernosk
violencia,veviskosklethesknerncreshiskaurek
virgen,veviskreshgrekesknern
virtud,veviskreshtrilluskdorn
visor,vevisksenthoskresh
vista,vevisksenthtrillaurek
vitamina,vevisktrillaurekmermisknernaurek
viuda,veviskuskdornaurek
vivir,veviskveviskresh
vocal,vevoskcreshaurekleth
voz,vevoskzerek
vuelo,vevuskesklethosk
vulgar,vevusklethgrekaurekresh
yegua,yirteskgrekuskaurek
yerno,yirteskreshnernosk
yeso,yirtesksenthosk
yodo,yirtoskdornosk
yoga,yirtoskgrekaurek
yogur,yirtoskgrekuskresh
yunque,yirtusknernqekuskesk
zapato,zerekaurekpethaurektrillosk
zarza,zerekaurekreshzerekaurek
zona,zerekosknernaurek
zoom,zerekoskoskmerm
zorro,zerekoskreshreshosk
zumo,zerekuskmermosk
zurdo,zerekuskreshdornosk
zanahoria,zerekaureknernaurekherfoskreshiskaurek
zapateria,zerekaurekpethaurektrilleskreshiskaurek
zarpar,zerekaurekreshpethaurekresh
zebra,zerekeskbeshreshaurek
zigzag,zerekiskgrekzerekaurekgrek
zona,zerekosknernaurek
zoologico,zerekoskosklethoskgrekiskcreshosk
zumbar,zerekuskmermbeshaurekresh
zumo,zerekuskmermosk
abadesa,aurekbeshaurekdornesksenthaurek
abalorio,aurekbeshaureklethoskreshiskosk
abdominal,aurekbeshdornoskmermisknernaurekleth
abolladura,aurekbeshosklethlethaurekdornuskreshaurek
abominable,aurekbeshoskmermisknernaurekbeshlethesk
abrevadero,aurekbeshresheskvevaurekdorneskreshosk
abrumador,aurekbeshreshuskmermaurekdornoskresh
abstencion,aurekbeshsenthtrillesknerncreshiskosknern
abundancia,aurekbeshusknerndornaureknerncreshiskaurek
aburrido,aurekbeshuskreshreshiskdornosk
acantilado,aurekcreshaureknerntrillisklethaurekdornosk
acariciar,aurekcreshaurekreshiskcreshiskaurekresh
aceituna,aurekcresheskisktrillusknernaurek
acelerar,aurekcresheskletheskreshaurekresh
acompanar,aurekcreshoskmermpethaureknernaurekresh
acontecimiento,aurekcreshosknerntrilleskcreshiskmermiskesknerntrillosk
acordeon,aurekcreshoskreshdorneskosknern
acostumbrar,aurekcreshosksenthtrilluskmermbeshreshaurekresh
acrobatico,aurekcreshreshoskbeshaurektrilliskcreshosk
actitud,aurekcreshtrillisktrilluskdorn
actualizar,aurekcreshtrilluskaureklethiskzerekaurekresh
acuatico,aurekcreshuskaurektrilliskcreshosk
adentro,aurekdornesknerntrillreshosk
adherente,aurekdornherfeskreshesknerntrillesk
adios,aurekdorniskosksenth
adivinar,aurekdorniskvevisknernaurekresh
adjetivo,aurekdornjenthesktrilliskvevosk
admirar,aurekdornmermiskreshaurekresh
adolescente,aurekdornosklethesksenthcreshesknerntrillesk
adopcion,aurekdornoskpethcreshiskosknern
adorable,aurekdornoskreshaurekbeshlethesk
adormecer,aurekdornoskreshmermeskcresheskresh
adquirir,aurekdornqekuskiskreshiskresh
adulterio,aurekdornusklethtrilleskreshiskosk
adversario,aurekdornveveskreshsenthaurekreshiskosk
afectuoso,aurekforneskcreshtrilluskosksenthosk
aferrarse,aurekforneskreshreshaurekreshsenthesk
aficionado,aurekforniskcreshiskosknernaurekdornosk
afilar,aurekfornisklethaurekresh
afinidad,aurekfornisknerniskdornaurekdorn
afirmar,aurekforniskreshmermaurekresh
afortunado,aurekfornoskreshtrillusknernaurekdornosk
afrodisiaco,aurekfornreshoskdornisksenthiskaurekcreshosk
agasajar,aurekgrekaureksenthaurekjenthaurekresh
agilidad,aurekgrekisklethiskdornaurekdorn
aglomeracion,aurekgreklethoskmermeskreshaurekcreshiskosknern
agotar,aurekgrekosktrillaurekresh
agradecer,aurekgrekreshaurekdorneskcresheskresh
agrietado,aurekgrekreshiskesktrillaurekdornosk
agrupar,aurekgrekreshuskpethaurekresh
aguacate,aurekgrekuskaurekcreshaurektrillesk
aguantar,aurekgrekuskaureknerntrillaurekresh
agudo,aurekgrekuskdornosk
ahogado,aurekherfoskgrekaurekdornosk
ahorro,aurekherfoskreshreshosk
aire,aurekiskreshesk
ajedrez,aurekjentheskdornresheskzerek
ajetreado,aurekjenthesktrillresheskaurekdornosk
ajuar,aurekjenthuskaurekresh
alambre,aureklethaurekmermbeshreshesk
alargado,aureklethaurekreshgrekaurekdornosk
albanil,aureklethbeshaureknerniskleth
alboroto,aureklethbeshoskreshosktrillosk
alcaide,aureklethcreshaurekiskdornesk
alcalino,aureklethcreshaureklethisknernosk
alcance,aureklethcreshaureknerncreshesk
alcohol,aureklethcreshoskherfoskleth
alfabeto,aureklethfornaurekbeshesktrillosk
alfombra,aureklethfornoskmermbeshreshaurek
algodon,aureklethgrekoskdornosknern
alguien,aureklethgrekuskiskesknern
alimentar,aureklethiskmermesknerntrillaurekresh
aliviar,aureklethiskveviskaurekresh
almacen,aureklethmermaurekcreshesknern
almendra,aureklethmermesknerndornreshaurek
almidon,aureklethmermiskdornosknern
almohada,aureklethmermoskherfaurekdornaurek
almuerzo,aureklethmermuskeskreshzerekosk
alojamiento,aureklethoskjenthaurekmermiskesknerntrillosk
alpino,aureklethpethisknernosk
altar,aureklethtrillaurekresh
alternar,aureklethtrilleskreshnernaurekresh
altitud,aureklethtrillisktrilluskdorn
altruismo,aureklethtrillreshuskisksenthmermosk
aluminio,aureklethuskmermisknerniskosk
alusion,aureklethusksenthiskosknern
amaestrar,aurekmermaurekesksenthtrillreshaurekresh
amargura,aurekmermaurekreshgrekuskreshaurek
ambiental,aurekmermbeshiskesknerntrillaurekleth
amigo,aurekmermiskgrekosk
amnistia,aurekmermnernisksenthtrilliskaurek
amo,aurekmermosk
amor,aurekmermoskresh
ampliar,aurekmermpethlethiskaurekresh
anacardo,aureknernaurekcreshaurekreshdornosk
analfabeto,aureknernaureklethfornaurekbeshesktrillosk
analisis,aureknernaureklethisksenthisksenth
anatomia,aureknernaurektrilloskmermiskaurek
anchura,aureknerncreshherfuskreshaurek
ancla,aureknerncreshlethaurek
anecdota,aureknerneskcreshdornosktrillaurek
anfitrion,aureknernfornisktrillreshiskosknern
angulo,aureknerngrekusklethosk
anhelar,aureknernherfesklethaurekresh
animado,aureknerniskmermaurekdornosk
aniversario,aureknerniskveveskreshsenthaurekreshiskosk
anochecer,aureknernoskcreshherfeskcresheskresh
anotar,aureknernosktrillaurekresh
ansiedad,aureknernsenthiskeskdornaurekdorn
antebrazo,aureknerntrilleskbeshreshaurekzerekosk
antena,aureknerntrillesknernaurek
antiguo,aureknerntrilliskgrekuskosk
antipatico,aureknerntrilliskpethaurektrilliskcreshosk
anunciar,aureknernusknerncreshiskaurekresh
anicos,aureknerniskcreshosksenth
anil,aureknerniskleth
apagar,aurekpethaurekgrekaurekresh
aparato,aurekpethaurekreshaurektrillosk
aparecer,aurekpethaurekresheskcresheskresh
apartar,aurekpethaurekreshtrillaurekresh
apego,aurekpetheskgrekosk
apetito,aurekpethesktrillisktrillosk
apio,aurekpethiskosk
aplaudir,aurekpethlethaurekuskdorniskresh
aplicar,aurekpethlethiskcreshaurekresh
apoderarse,aurekpethoskdorneskreshaurekreshsenthesk
aportar,aurekpethoskreshtrillaurekresh
apostol,aurekpethosksenthtrilloskleth
apoyar,aurekpethoskyirtaurekresh
aprender,aurekpethreshesknerndorneskresh
aprobar,aurekpethreshoskbeshaurekresh
apuesto,aurekpethuskesksenthtrillosk
apuntar,aurekpethusknerntrillaurekresh
apurado,aurekpethuskreshaurekdornosk
apuro,aurekpethuskreshosk
aquejar,aurekqekuskeskjenthaurekresh
arana,aurekreshaureknernaurek
arbitrar,aurekreshbeshisktrillreshaurekresh
arbol,aurekreshbeshoskleth
arcano,aurekreshcreshaureknernosk
algoritmos,aureklethgrekoskreshisktrillmermosksenth
aplicacion,aurekpethlethiskcreshaurekcreshiskosknern
articulos,aurekreshtrilliskcreshusklethosksenth
automovil,aurekusktrilloskmermoskveviskleth
calculador,creshaureklethcreshusklethaurekdornoskresh
campesinos,creshaurekmermpethesksenthisknernosksenth
celularcar,creshesklethusklethaurekreshcreshaurekresh
ciudadesan,creshiskuskdornaurekdornesksenthaureknern
colombiano,creshosklethoskmermbeshiskaureknernosk
comentarios,creshoskmermesknerntrillaurekreshiskosksenth
complicado,creshoskmermpethlethiskcreshaurekdornosk
computador,creshoskmermpethusktrillaurekdornoskresh
conocerlos,creshosknernoskcresheskreshlethosksenth
convencido,creshosknernvevesknerncreshiskdornosk
correremos,creshoskreshresheskresheskmermosksenth
cuestiones,creshuskesksenthtrilliskosknernesksenth
culturalis,creshusklethtrilluskreshaureklethisksenth
deportivas,dorneskpethoskreshtrilliskvevaureksenth
descubierta,dornesksenthcreshuskbeshiskeskreshtrillaurek
desencaden,dornesksenthesknerncreshaurekdornesknern
desgraciad,dornesksenthgrekreshaurekcreshiskaurekdorn
despoblada,dornesksenthpethoskbeshlethaurekdornaurek
despreciar,dornesksenthpethresheskcreshiskaurekresh
destrozado,dornesksenthtrillreshoskzerekaurekdornosk
diferentes,dorniskforneskreshesknerntrillesksenth
disculpeme,dornisksenthcreshusklethpetheskmermesk
distanciaa,dornisksenthtrillaureknerncreshiskaurekaurek
documentos,dornoskcreshuskmermesknerntrillosksenth
dominicana,dornoskmermisknerniskcreshaureknernaurek
dormitorios,dornoskreshmermisktrilloskreshiskosksenth
ejemplares,eskjentheskmermpethlethaurekreshesksenth
encendidos,esknerncreshesknerndorniskdornosksenth
encuentros,esknerncreshuskesknerntrillreshosksenth
enfermedad,esknernforneskreshmermeskdornaurekdorn
entrenador,esknerntrillreshesknernaurekdornoskresh
espanolito,esksenthpethaureknernosklethisktrillosk
estadistic,esksenthtrillaurekdornisksenthtrilliskcresh
eventuales,eskvevesknerntrilluskaureklethesksenth
excelentes,eskxeshcreshesklethesknerntrillesksenth
explicando,eskxeshpethlethiskcreshaureknerndornosk
extranjera,eskxeshtrillreshaureknernjentheskreshaurek
fantastica,fornaureknerntrillaureksenthtrilliskcreshaurek
favoritas,fornaurekvevoskreshisktrillaureksenth
femeninos,forneskmermesknernisknernosksenth
festivalde,fornesksenthtrilliskvevaureklethdornesk
fielescria,forniskesklethesksenthcreshreshiskaurek
finalmente,fornisknernaureklethmermesknerntrillesk
fraccionde,fornreshaurekcreshcreshiskosknerndornesk
fueronconm,fornuskeskreshosknerncreshosknernmerm
galvanizad,grekaureklethvevaureknerniskzerekaurekdorn
generacion,grekesknerneskreshaurekcreshiskosknern
gobiernoec,grekoskbeshiskeskreshnernoskeskcresh
gustabaque,grekusksenthtrillaurekbeshaurekqekuskesk
historiasd,herfisksenthtrilloskreshiskaureksenthdorn
hombresdeh,herfoskmermbeshreshesksenthdorneskherf
imaginacio,iskmermaurekgrekisknernaurekcreshiskosk
impermeabl,iskmermpetheskreshmermeskaurekbeshleth
impresione,iskmermpethreshesksenthiskosknernesk
incluidasl,isknerncreshlethuskiskdornaureksenthleth
indiferent,isknerndorniskforneskreshesknerntrill
informacio,isknernfornoskreshmermaurekcreshiskosk
inolvidabl,isknernosklethveviskdornaurekbeshleth
inquietud,isknernqekuskiskesktrilluskdorn
interesant,isknerntrilleskreshesksenthaureknerntrill
intimidadp,isknerntrilliskmermiskdornaurekdornpeth
investigac,isknernvevesksenthtrilliskgrekaurekcresh
juegodepal,jenthuskeskgrekoskdorneskpethaurekleth
jugadoresc,jenthuskgrekaurekdornoskreshesksenthcresh
justificad,jenthusksenthtrilliskforniskcreshaurekdorn
lamentable,lethaurekmermesknerntrillaurekbeshlethesk
latinoamer,lethaurektrillisknernoskaurekmermeskresh
letrasparap,lethesktrillreshaureksenthpethaurekreshaurekpeth
libertador,lethiskbesheskreshtrillaurekdornoskresh
limitacion,lethiskmermisktrillaurekcreshiskosknern
localidade,lethoskcreshaureklethiskdornaurekdornesk
madridista,mermaurekdornreshiskdornisksenthtrillaurek
magnificaa,mermaurekgreknerniskforniskcreshaurekaurek
mandataria,mermaureknerndornaurektrillaurekreshiskaurek
maravillos,mermaurekreshaurekvevisklethlethosksenth
martinezma,mermaurekreshtrillisknerneskzerekmermaurek
menosprecio,mermesknernosksenthpethresheskcreshiskosk
merecidame,mermeskresheskcreshiskdornaurekmermesk
metodologi,mermesktrilloskdornosklethoskgrekisk
mexicanosd,mermeskxeshiskcreshaureknernosksenthdorn
militantes,mermisklethisktrillaureknerntrillesksenth
ministerio,mermisknernisksenthtrilleskreshiskosk
modernidad,mermoskdorneskreshnerniskdornaurekdorn
montaneses,mermosknerntrillaureknernesksenthesksenth
nacionales,nernaurekcreshiskosknernaureklethesksenth
naturaleza,nernaurektrilluskreshaurekletheskzerekaurek
negociosdi,nerneskgrekoskcreshiskosksenthdornisk
ninitasbe,nernisknernisktrillaureksenthbeshesk
notificaci,nernosktrilliskforniskcreshaurekcreshisk
observador,oskbeshsentheskreshvevaurekdornoskresh
ocupacione,oskcreshuskpethaurekcreshiskosknernesk
operativos,oskpetheskreshaurektrilliskvevosksenth
oportunida,oskpethoskreshtrillusknerniskdornaurek
ordenadosa,oskreshdornesknernaurekdornosksenthaurek
organismos,oskreshgrekaureknernisksenthmermosksenth
pactogloba,pethaurekcreshtrilloskgreklethoskbeshaurek
pandillero,pethaureknerndornisklethletheskreshosk
parroquias,pethaurekreshreshoskqekuskiskaureksenth
particular,pethaurekreshtrilliskcreshusklethaurekresh
pasioneson,pethaureksenthiskosknernesksenthosknern
pedagogico,petheskdornaurekgrekoskgrekiskcreshosk
permanenci,petheskreshmermaureknernesknerncreshisk
personalidad,petheskreshsenthosknernaureklethiskdornaurekdorn
poblacione,pethoskbeshlethaurekcreshiskosknernesk
poderosos,pethoskdorneskreshosksenthosksenth
policiacos,pethosklethiskcreshiskaurekcreshosksenth
politizado,pethosklethisktrilliskzerekaurekdornosk
portuguesa,pethoskreshtrilluskgrekuskesksenthaurek
posibilida,pethosksenthiskbeshisklethiskdornaurek
preciosidad,pethresheskcreshiskosksenthiskdornaurekdorn
preferible,pethresheskforneskreshiskbeshlethesk
presenciae,pethreshesksenthesknerncreshiskaurekesk
prevencion,pethresheskvevesknerncreshiskosknern
primariasu,pethreshiskmermaurekreshiskaureksenthusk
problemasa,pethreshoskbeshletheskmermaureksenthaurek
producirse,pethreshoskdornuskcreshiskreshsenthesk
proteccion,pethreshosktrilleskcreshcreshiskosknern
publicidad,pethuskbeshlethiskcreshiskdornaurekdorn
puntualidad,pethusknerntrilluskaureklethiskdornaurekdorn
quinceaner,qekuskisknerncresheskaureknerneskresh
realizaban,resheskaureklethiskzerekaurekbeshaureknern
recuperaci,resheskcreshuskpetheskreshaurekcreshisk
reducciond,resheskdornuskcreshcreshiskosknerndorn
reformasla,resheskfornoskreshmermaureksenthlethaurek
regeneraci,resheskgrekesknerneskreshaurekcreshisk
reivindic,resheskiskvevisknerndorniskcresh
relaciones,reshesklethaurekcreshiskosknernesksenth
relevancia,resheskletheskvevaureknerncreshiskaurek
represalia,resheskpethreshesksenthaureklethiskaurek
requerimie,resheskqekuskeskreshiskmermiskesk
respetable,reshesksenthpethesktrillaurekbeshlethesk
resultados,reshesksenthusklethtrillaurekdornosksenth
retrospect,reshesktrillreshosksenthpetheskcreshtrill
revolucion,resheskvevosklethuskcreshiskosknern
rigurosamente,reshiskgrekuskreshosksenthaurekmermesknerntrillesk
romantismo,reshoskmermaureknerntrillisksenthmermosk
sacrificad,senthaurekcreshreshiskforniskcreshaurekdorn
saludables,senthaureklethuskdornaurekbeshlethesksenth
sanjuanero,senthaureknernjenthuskaureknerneskreshosk
seguidores,sentheskgrekuskiskdornoskreshesksenth
olla,osklethlethaurek
mano,mermaureknernosk
luz,lethuskzerek
mas,mermaureksenth
si,senthisk
mio,mermiskosk
tiene,trilliskesknernesk
sobre,senthoskbeshreshesk
poder,pethoskdorneskresh
tu,trillusk
ver,veveskresh
lejos,letheskjenthosksenth
tanto,trillaureknerntrillosk
alla,aureklethlethaurek
saber,senthaurekbesheskresh
hoy,herfoskyirt
sino,senthisknernosk
por,pethoskresh
mucho,mermuskcreshherfosk
cada,creshaurekdornaurek
fue,fornuskesk
vez,veveskzerek
nada,nernaurekdornaurek
aun,aurekusknern
gran,grekreshaureknern
donde,dornosknerndornesk
debe,dorneskbeshesk
vida,veviskdornaurek
puede,pethuskeskdornesk
cielo,creshiskesklethosk
nino,nernisknernosk
amor,aurekmermoskresh
tal,trillaurekleth
hacer,herfaurekcresheskresh
pues,pethuskesksenth
triste,trillreshisksenthtrillesk
seis,sentheskisksenth
hecho,herfeskcreshherfosk
falta,fornaureklethtrillaurek
mesa,mermesksenthaurek
mundo,mermusknerndornosk
lado,lethaurekdornosk
casa,creshaureksenthaurek
estar,esksenthtrillaurekresh
razon,reshaurekzerekosknern
hombre,herfoskmermbeshreshesk
frente,fornreshesknerntrillesk
tal vez,trillaurekleth veveskzerek
pronto,pethreshosknerntrillosk
misma,mermisksenthmermaurek
noche,nernoskcreshherfesk
dejar,dorneskjenthaurekresh
saber,senthaurekbesheskresh
manera,mermaureknerneskreshaurek
nuevo,nernuskeskvevosk
verdad,veveskreshdornaurekdorn
agua,aurekgrekuskaurek
tambien,trillaurekmermbeshiskesknern
solo,senthosklethosk
otro,osktrillreshosk
dos,dornosksenth
habia,herfaurekbeshiskaurek
senor,senthesknernoskresh
nunca,nernusknerncreshaurek
gente,grekesknerntrillesk
aqui,aurekqekuskisk
ahora,aurekherfoskreshaurek
llegar,lethletheskgrekaurekresh
hasta,herfaureksenthtrillaurek
mujer,mermuskjentheskresh
puerta,pethuskeskreshtrillaurek
paso,pethaureksenthosk
bueno,beshuskesknernosk
quien,qekuskiskesknern
cierto,creshiskeskreshtrillosk
hijo,herfiskjenthosk
casi,creshaureksenthisk
madre,mermaurekdornreshesk
familia,fornaurekmermisklethiskaurek
alguien,aureklethgrekuskiskesknern
tener,trillesknerneskresh
ojos,oskjenthosksenth
modo,mermoskdornosk
anos,aureknernosksenth
nina,nernisknernaurek
boca,beshoskcreshaurek
parte,pethaurekreshtrillesk
ano,aureknernosk
hecho,herfeskcreshherfosk
pensar,pethesknernsenthaurekresh
vida,veviskdornaurek
camino,creshaurekmermisknernosk
cosa,creshosksenthaurek
hacia,herfaurekcreshiskaurek
tarde,trillaurekreshdornesk
nuevo,nernuskeskvevosk
hombre,herfoskmermbeshreshesk
siempre,senthiskeskmermpethreshesk
padre,pethaurekdornreshesk
mismo,mermisksenthmermosk
algunos,aureklethgrekusknernosksenth
forma,fornoskreshmermaurek
decir,dorneskcreshiskresh
noche,nernoskcreshherfesk
mientras,mermiskesknerntrillreshaureksenth
dejar,dorneskjenthaurekresh
trabajo,trillreshaurekbeshaurekjenthosk
mira,mermiskreshaurek
calle,creshaureklethlethesk
dentro,dornesknerntrillreshosk
mundo,mermusknerndornosk
mira,mermiskreshaurek
carne,creshaurekreshnernesk
mismo,mermisksenthmermosk
lugar,lethuskgrekaurekresh
manana,mermaureknernaureknernaurek
mas alla,mermaureksenth aureklethlethaurek
semana,sentheskmermaureknernaurek
cabeza,creshaurekbesheskzerekaurek
dia,dorniskaurek
aunque,aurekusknernqekuskesk
corazon,creshoskreshaurekzerekosknern
persona,petheskreshsenthosknernaurek
cuerpo,creshuskeskreshpethosk
maestro,mermaurekesksenthtrillreshosk
tiempo,trilliskeskmermpethosk
alma,aureklethmermaurek
correr,creshoskreshresheskresh
bien,beshiskesknern
llamar,lethlethaurekmermaurekresh
un,usknern
es,esksenth
y,yirt
el,eskleth
la,lethaurek
los,lethosksenth
las,lethaureksenth
que,qekuskesk
en,esknern
se,senthesk
de,dornesk
por,pethoskresh
con,creshosknern
para,pethaurekreshaurek
no,nernosk
una,usknernaurek
como,creshoskmermosk
mas,mermaureksenth
o,osk
pero,petheskreshosk
al,aurekleth
su,senthusk
este,esksenthtrillesk
si,senthisk
si,senthisk
tambien,trillaurekmermbeshiskesknern
me,mermesk
ha,herfaurek
bien,beshiskesknern
ya,yirtaurek
del,dorneskleth
esta,esksenthtrillaurek
porque,pethoskreshqekuskesk
muy,mermuskyirt
ha,herfaurek
solo,senthosklethosk
todo,trilloskdornosk
ser,sentheskresh
son,senthosknern
tiene,trilliskesknernesk
hace,herfaurekcreshesk
nos,nernosksenth
hasta,herfaureksenthtrillaurek
sin,senthisknern
aunque,aurekusknernqekuskesk
quiero,qekuskiskeskreshosk
soy,senthoskyirt
el,eskleth
fue,fornuskesk
estar,esksenthtrillaurekresh
quien,qekuskiskesknern
hoy,herfoskyirt
mismo,mermisksenthmermosk
hacer,herfaurekcresheskresh
puede,pethuskeskdornesk
entre,esknerntrillreshesk
quieres,qekuskiskeskreshesksenth
como,creshoskmermosk
gran,grekreshaureknern
vida,veviskdornaurek
hombre,herfoskmermbeshreshesk
parte,pethaurekreshtrillesk
trabajo,trillreshaurekbeshaurekjenthosk
otro,osktrillreshosk
poco,pethoskcreshosk
despues,dornesksenthpethuskesksenth
cada,creshaurekdornaurek
tiempo,trilliskeskmermpethosk
durante,dornuskreshaureknerntrillesk
primero,pethreshiskmermeskreshosk
mucho,mermuskcreshherfosk
antes,aureknerntrillesksenth
desde,dornesksenthdornesk
nosotros,nernosksenthosktrillreshosksenth
nada,nernaurekdornaurek
pues,pethuskesksenth
tener,trillesknerneskresh
vez,veveskzerek
cosa,creshosksenthaurek
tener,trillesknerneskresh
decir,dorneskcreshiskresh
nuevo,nernuskeskvevosk
nunca,nernusknerncreshaurek
dar,dornaurekresh
hecho,herfeskcreshherfosk
cual,creshuskaurekleth
dos,dornosksenth
cosas,creshosksenthaureksenth
ver,veveskresh
casi,creshaureksenthisk
saber,senthaurekbesheskresh
aqui,aurekqekuskisk
madre,mermaurekdornreshesk
poco,pethoskcreshosk
personas,petheskreshsenthosknernaureksenth
mundo,mermusknerndornosk
forma,fornoskreshmermaurek
tener,trillesknerneskresh
hijo,herfiskjenthosk
padre,pethaurekdornreshesk
mujer,mermuskjentheskresh
lugar,lethuskgrekaurekresh
fin,fornisknern
dejar,dorneskjenthaurekresh
familia,fornaurekmermisklethiskaurek
poder,pethoskdorneskresh
razon,reshaurekzerekosknern
cabeza,creshaurekbesheskzerekaurek
quiere,qekuskiskeskreshesk
cosa,creshosksenthaurek
dia,dorniskaurek
aquella,aurekqekuskesklethlethaurek
bajo,beshaurekjenthosk
pasa,pethaureksenthaurek
buen,beshuskesknern
lado,lethaurekdornosk
amor,aurekmermoskresh
sigue,senthiskgrekuskesk
manana,mermaureknernaureknernaurek
nuestro,nernuskesksenthtrillreshosk
hasta,herfaureksenthtrillaurek
cuerpo,creshuskeskreshpethosk
agua,aurekgrekuskaurek
puesto,pethuskesksenthtrillosk
pasado,pethaureksenthaurekdornosk
pronto,pethreshosknerntrillosk
dicho,dorniskcreshherfosk
menos,mermesknernosksenth
sabe,senthaurekbeshesk
solo,senthosklethosk
cerca,cresheskreshcreshaurek
ahora,aurekherfoskreshaurek
creo,creshresheskosk
miedo,mermiskeskdornosk
viejo,veviskeskjenthosk
hijo,herfiskjenthosk
mal,mermaurekleth
ayer,aurekyirteskresh
debajo,dorneskbeshaurekjenthosk
encontrar,esknerncreshosknerntrillreshaurekresh
idea,iskdorneskaurek
mano,mermaureknernosk
siempre,senthiskeskmermpethreshesk
toda,trilloskdornaurek
hermano,herfeskreshmermaureknernosk
verdad,veveskreshdornaurekdorn
traves,trillreshaurekvevesksenth
caminar,creshaurekmermisknernaurekresh
ano,aureknernosk
gente,grekesknerntrillesk
quizas,qekuskiskzerekaureksenth
ciudad,creshiskuskdornaurekdorn
ultimo,usklethtrilliskmermosk
corazon,creshoskreshaurekzerekosknern
cuerpo,creshuskeskreshpethosk
camino,creshaurekmermisknernosk
necesito,nerneskcreshesksenthisktrillosk
mientras,mermiskesknerntrillreshaureksenth
amigo,aurekmermiskgrekosk
misma,mermisksenthmermaurek
paso,pethaureksenthosk
fuera,fornuskeskreshaurek
casa,creshaureksenthaurek
podia,pethoskdorniskaurek
algunos,aureklethgrekusknernosksenth
cara,creshaurekreshaurek
ningun,nernisknerngrekusknern
palabras,pethaureklethaurekbeshreshaureksenth
fuerza,fornuskeskreshzerekaurek
mundo,mermusknerndornosk
horas,herfoskreshaureksenth
voz,vevoskzerek
dios,dorniskosksenth
fuerte,fornuskeskreshtrillesk
luz,lethuskzerek
vieja,veviskeskjenthaurek
momento,mermoskmermesknerntrillosk
facil,fornaurekcreshiskleth
espero,esksenthpetheskreshosk
quedo,qekuskeskdornosk
nuevo,nernuskeskvevosk
nombre,nernoskmermbeshreshesk
amigos,aurekmermiskgrekosksenth
ojos,oskjenthosksenth
luego,lethuskeskgrekosk
casi,creshaureksenthisk
ninos,nernisknernosksenth
aunque,aurekusknernqekuskesk
ayer,aurekyirteskresh
manera,mermaureknerneskreshaurek
tarde,trillaurekreshdornesk
esperanza,esksenthpetheskreshaureknernzerekaurek
encontre,esknerncreshosknerntrillreshesk
dolor,dornosklethoskresh
